timestamp,algorithm,grid_hash,grid_rows,grid_cols,nodes_expanded,path_cost,path_length,runtime_ms,found
2026-03-23T17:48:04,Dijkstra,c2360e3442,20,20,365,23.0000,24,60951.580541,True
2026-03-23T17:48:04,A* — Manhattan,c2360e3442,20,20,112,23.0000,24,34138.224583,True
2026-03-23T17:48:04,A* — Euclidean,c2360e3442,20,20,171,23.0000,24,52106.107708,True
2026-03-23T17:48:43,Dijkstra,a5e889eb04,20,20,211,36.0000,22,4166.107958,True
2026-03-23T17:48:43,A* — Manhattan,a5e889eb04,20,20,98,36.0000,22,1924.438333,True
2026-03-23T17:48:43,A* — Euclidean,a5e889eb04,20,20,128,36.0000,22,2518.855416,True
2026-03-23T17:48:52,Dijkstra,c61ea45e56,20,20,368,25.0000,26,7213.107500,True
2026-03-23T17:48:52,A* — Manhattan,c61ea45e56,20,20,183,25.0000,26,3587.729083,True
2026-03-23T17:48:52,A* — Euclidean,c61ea45e56,20,20,233,25.0000,26,4573.292167,True
2026-03-24T14:29:02,Dijkstra,5b3a90e2ed,20,20,274,21.0000,22,6737.983833,True
2026-03-24T14:29:02,A* — Manhattan,5b3a90e2ed,20,20,53,21.0000,22,1291.571583,True
2026-03-24T14:29:02,A* — Euclidean,5b3a90e2ed,20,20,64,21.0000,22,1563.858667,True
2026-03-27T17:18:00,Dijkstra,5b3a90e2ed,20,20,274,21.0000,22,5104.337709,True
2026-03-27T17:18:00,A* — Manhattan,5b3a90e2ed,20,20,53,21.0000,22,966.424666,True
2026-03-27T17:18:00,A* — Euclidean,5b3a90e2ed,20,20,64,21.0000,22,1168.637292,True
2026-03-27T17:18:19,Dijkstra,a263d172c8,20,20,215,25.0000,20,4050.363084,True
2026-03-27T17:18:19,A* — Manhattan,a263d172c8,20,20,67,25.0000,20,1247.099292,True
2026-03-27T17:18:19,A* — Euclidean,a263d172c8,20,20,95,25.0000,20,1789.428000,True
2026-03-27T17:24:02,Dijkstra,e97233e247,20,20,367,30.0000,30,6937.055833,True
2026-03-27T17:24:02,A* — Manhattan,e97233e247,20,20,188,30.0000,30,3581.419375,True
2026-03-27T17:24:02,A* — Euclidean,e97233e247,20,20,267,30.0000,30,5066.100833,True
2026-03-27T17:27:18,Dijkstra,17b4487870,20,20,6,0.0000,0,101.309250,False
2026-03-27T17:27:18,A* — Manhattan,17b4487870,20,20,6,0.0000,0,101.302625,False
2026-03-27T17:27:18,A* — Euclidean,17b4487870,20,20,6,0.0000,0,101.303959,False
2026-03-27T17:27:36,Dijkstra,d56e06df3c,20,20,222,25.0000,18,4159.523958,True
2026-03-27T17:27:36,A* — Manhattan,d56e06df3c,20,20,54,25.0000,18,1011.967875,True
2026-03-27T17:27:36,A* — Euclidean,d56e06df3c,20,20,77,25.0000,18,1436.185916,True
2026-03-27T17:28:12,Dijkstra,b2b7047be8,20,20,237,25.0000,24,4449.640875,True
2026-03-27T17:28:12,A* — Manhattan,b2b7047be8,20,20,86,25.0000,24,1606.312917,True
2026-03-27T17:28:12,A* — Euclidean,b2b7047be8,20,20,118,25.0000,24,2215.340375,True
2026-03-27T17:28:39,Dijkstra,e52318e3af,20,20,370,27.0000,28,6903.927042,True
2026-03-27T17:28:39,A* — Manhattan,e52318e3af,20,20,208,27.0000,28,3899.511625,True
2026-03-27T17:28:39,A* — Euclidean,e52318e3af,20,20,254,27.0000,28,4758.909833,True
2026-03-27T17:29:11,Dijkstra,bc5a4a26e4,20,20,377,26.0000,27,7072.662167,True
2026-03-27T17:29:11,A* — Manhattan,bc5a4a26e4,20,20,192,26.0000,27,3616.899042,True
2026-03-27T17:29:11,A* — Euclidean,bc5a4a26e4,20,20,247,26.0000,27,4647.016959,True
2026-03-27T17:30:04,Dijkstra,2869bc56c4,20,20,252,26.0000,22,4694.955625,True
2026-03-27T17:30:04,A* — Manhattan,2869bc56c4,20,20,96,26.0000,22,1787.487291,True
2026-03-27T17:30:04,A* — Euclidean,2869bc56c4,20,20,129,26.0000,26,2413.654125,True
2026-03-27T17:30:27,Dijkstra,cc9b8cef30,20,20,228,28.0000,24,4283.601875,True
2026-03-27T17:30:27,A* — Manhattan,cc9b8cef30,20,20,94,28.0000,24,1772.458416,True
2026-03-27T17:30:27,A* — Euclidean,cc9b8cef30,20,20,115,28.0000,28,2160.044334,True
2026-03-27T17:30:37,Dijkstra,58771d9f0f,20,20,14,0.0000,0,252.911541,False
2026-03-27T17:30:37,A* — Manhattan,58771d9f0f,20,20,14,0.0000,0,252.890125,False
2026-03-27T17:30:37,A* — Euclidean,58771d9f0f,20,20,14,0.0000,0,252.886209,False
2026-03-27T17:31:05,Dijkstra,97837f1dfa,20,20,93,24.0000,20,1723.067541,True
2026-03-27T17:31:05,A* — Manhattan,97837f1dfa,20,20,32,24.0000,20,592.476334,True
2026-03-27T17:31:05,A* — Euclidean,97837f1dfa,20,20,35,24.0000,20,659.018542,True
2026-03-27T17:43:16,Dijkstra,097f66ea46,20,20,272,33.0000,34,5104.283041,True
2026-03-27T17:43:16,A* — Manhattan,097f66ea46,20,20,172,33.0000,34,3227.031292,True
2026-03-27T17:43:16,A* — Euclidean,097f66ea46,20,20,206,33.0000,34,3868.888708,True
2026-03-27T17:43:51,Dijkstra,8cdfb66df6,20,20,355,29.0000,30,6672.090750,True
2026-03-27T17:43:51,A* — Manhattan,8cdfb66df6,20,20,122,29.0000,30,2293.586791,True
2026-03-27T17:43:51,A* — Euclidean,8cdfb66df6,20,20,196,29.0000,30,3680.205542,True
2026-03-27T17:44:38,Dijkstra,936ab2b93b,20,20,260,15.0000,16,4872.683417,True
2026-03-27T17:44:38,A* — Manhattan,936ab2b93b,20,20,16,15.0000,16,286.108500,True
2026-03-27T17:44:38,A* — Euclidean,936ab2b93b,20,20,16,15.0000,16,286.111375,True
2026-03-27T17:44:51,Dijkstra,936ab2b93b,20,20,260,15.0000,16,4869.605500,True
2026-03-27T17:44:51,A* — Manhattan,936ab2b93b,20,20,16,15.0000,16,288.554417,True
2026-03-27T17:44:51,A* — Euclidean,936ab2b93b,20,20,16,15.0000,16,288.554042,True
2026-03-27T20:06:22,Dijkstra,fe6ca32945,20,20,259,16.0000,16,21559.709583,True
2026-03-27T20:06:22,A* — Manhattan,fe6ca32945,20,20,16,16.0000,16,1328.752916,True
2026-03-27T20:06:22,A* — Euclidean,fe6ca32945,20,20,16,16.0000,16,1328.744417,True
2026-03-27T20:07:33,Dijkstra,154a889d30,20,20,259,16.0000,16,21607.491959,True
2026-03-27T20:07:33,A* — Manhattan,154a889d30,20,20,16,16.0000,16,1354.514834,True
2026-03-27T20:07:33,A* — Euclidean,154a889d30,20,20,16,16.0000,16,1354.512583,True
2026-03-27T20:08:26,Dijkstra,239cf6e2aa,20,20,280,19.0000,16,23288.265708,True
2026-03-27T20:08:26,A* — Manhattan,239cf6e2aa,20,20,36,19.0000,16,3001.695209,True
2026-03-27T20:08:26,A* — Euclidean,239cf6e2aa,20,20,44,19.0000,16,3659.461250,True
2026-03-27T20:34:34,Dijkstra,5cedcce8b1,20,20,260,16.0000,16,7.154936,True
2026-03-27T20:34:34,A* — Manhattan,5cedcce8b1,20,20,16,16.0000,16,0.178041,True
2026-03-27T20:34:34,A* — Euclidean,5cedcce8b1,20,20,16,16.0000,16,0.159290,True
